City,Users,New.Users,Sessions,Bounce.Rate,Pages...Session,Avg..Session.Duration,Goal.Conversion.Rate,Goal.Completions,Goal.Value,Date
Durham,230,149,294,47.96%,2.1,0:02:47,0.00%,0,$0.00 ,20180812
Charlotte,53,28,79,53.16%,2.34,0:03:36,0.00%,0,$0.00 ,20180812
Raleigh,26,17,34,44.12%,2.94,0:06:45,0.00%,0,$0.00 ,20180812
Atlanta,21,15,27,48.15%,2.41,0:04:06,0.00%,0,$0.00 ,20180812
Franklin,12,7,17,58.82%,2,0:01:55,0.00%,0,$0.00 ,20180812
Greensboro,10,7,14,71.43%,1.93,0:01:45,0.00%,0,$0.00 ,20180812
Hillsborough,8,5,10,60.00%,1.6,0:00:26,0.00%,0,$0.00 ,20180812
Cary,6,4,8,37.50%,2.38,0:03:04,0.00%,0,$0.00 ,20180812
Winston-Salem,6,4,6,33.33%,3.17,0:09:49,0.00%,0,$0.00 ,20180812
Chapel Hill,5,3,6,66.67%,1.5,0:05:36,0.00%,0,$0.00 ,20180812
New York,5,2,7,42.86%,1.86,0:04:25,0.00%,0,$0.00 ,20180812
Miami,4,1,6,33.33%,3.67,0:11:15,0.00%,0,$0.00 ,20180812
Orlando,4,4,4,50.00%,1.75,0:04:03,0.00%,0,$0.00 ,20180812
Fayetteville,4,3,7,14.29%,2.57,0:05:55,0.00%,0,$0.00 ,20180812
High Point,4,3,4,50.00%,2,0:03:48,0.00%,0,$0.00 ,20180812
Knightdale,4,2,5,40.00%,2.8,0:02:57,0.00%,0,$0.00 ,20180812
Washington,3,3,3,0.00%,5,0:18:24,0.00%,0,$0.00 ,20180812
Henderson,3,2,3,100.00%,1,0:00:00,0.00%,0,$0.00 ,20180812
Mebane,3,1,3,66.67%,1.33,0:00:01,0.00%,0,$0.00 ,20180812
Rocky Mount,3,3,3,100.00%,1,0:00:00,0.00%,0,$0.00 ,20180812
(not set),2,0,2,0.00%,3,0:09:22,0.00%,0,$0.00 ,20180812
Creedmoor,2,1,3,0.00%,2.67,0:07:25,0.00%,0,$0.00 ,20180812
Sylva,2,1,2,50.00%,1.5,0:00:25,0.00%,0,$0.00 ,20180812
Wake Forest,2,1,2,50.00%,1.5,0:00:07,0.00%,0,$0.00 ,20180812
Philadelphia,2,1,2,50.00%,2,0:03:43,0.00%,0,$0.00 ,20180812
Columbia,2,1,2,50.00%,2,0:02:54,0.00%,0,$0.00 ,20180812
Newport News,2,2,2,50.00%,3,0:03:35,0.00%,0,$0.00 ,20180812
Stafford,2,0,2,50.00%,1.5,0:00:21,0.00%,0,$0.00 ,20180812
Virginia Beach,2,1,2,0.00%,4,0:01:12,0.00%,0,$0.00 ,20180812
Indore,1,1,1,0.00%,5,0:08:24,0.00%,0,$0.00 ,20180812
Buena Park,1,1,2,0.00%,5.5,0:05:55,0.00%,0,$0.00 ,20180812
Corona,1,1,1,0.00%,2,0:00:04,0.00%,0,$0.00 ,20180812
San Diego,1,1,1,100.00%,1,0:00:00,0.00%,0,$0.00 ,20180812
Clayton,1,0,1,0.00%,6,0:28:21,0.00%,0,$0.00 ,20180812
Fort Lauderdale,1,1,1,100.00%,1,0:00:00,0.00%,0,$0.00 ,20180812
Oviedo,1,0,1,100.00%,1,0:00:00,0.00%,0,$0.00 ,20180812
Tallahassee,1,1,1,100.00%,1,0:00:00,0.00%,0,$0.00 ,20180812
Macon,1,1,2,100.00%,1,0:00:00,0.00%,0,$0.00 ,20180812
Marietta,1,0,1,0.00%,4,0:25:04,0.00%,0,$0.00 ,20180812
Riverdale,1,1,1,100.00%,1,0:00:00,0.00%,0,$0.00 ,20180812
Woodstock,1,1,1,0.00%,2,0:00:10,0.00%,0,$0.00 ,20180812
Vandalia,1,1,1,100.00%,1,0:00:00,0.00%,0,$0.00 ,20180812
Overland Park,1,1,1,0.00%,2,0:00:07,0.00%,0,$0.00 ,20180812
Slidell,1,1,1,100.00%,1,0:00:00,0.00%,0,$0.00 ,20180812
Billerica,1,1,3,33.33%,2.67,0:00:30,0.00%,0,$0.00 ,20180812
Easton,1,1,1,100.00%,1,0:00:00,0.00%,0,$0.00 ,20180812
Hyattsville,1,0,1,0.00%,2,0:00:07,0.00%,0,$0.00 ,20180812
Andrews,1,0,3,100.00%,1,0:00:00,0.00%,0,$0.00 ,20180812
Black Mountain,1,1,1,0.00%,2,0:07:05,0.00%,0,$0.00 ,20180812
Carrboro,1,0,1,100.00%,1,0:00:00,0.00%,0,$0.00 ,20180812
Cashiers,1,0,1,100.00%,1,0:00:00,0.00%,0,$0.00 ,20180812
Marine Corps Air Station Cherry Point,1,1,1,100.00%,1,0:00:00,0.00%,0,$0.00 ,20180812
Concord,1,0,2,0.00%,2,0:00:06,0.00%,0,$0.00 ,20180812
Cullowhee,1,0,1,100.00%,1,0:00:00,0.00%,0,$0.00 ,20180812
Efland,1,1,2,100.00%,1,0:00:00,0.00%,0,$0.00 ,20180812
Franklinton,1,1,1,0.00%,2,0:00:19,0.00%,0,$0.00 ,20180812
Graham,1,0,2,0.00%,2.5,0:01:15,0.00%,0,$0.00 ,20180812
Hayesville,1,1,2,50.00%,3,0:16:18,0.00%,0,$0.00 ,20180812
Kernersville,1,1,1,100.00%,1,0:00:00,0.00%,0,$0.00 ,20180812
Murphy,1,0,1,0.00%,4,0:01:45,0.00%,0,$0.00 ,20180812
Nashville,1,0,1,0.00%,4,0:28:50,0.00%,0,$0.00 ,20180812
Oak Island,1,1,1,0.00%,4,0:01:35,0.00%,0,$0.00 ,20180812
Ocean Isle Beach,1,1,1,100.00%,1,0:00:00,0.00%,0,$0.00 ,20180812
Oxford,1,0,1,0.00%,2,0:00:02,0.00%,0,$0.00 ,20180812
Roxboro,1,0,3,66.67%,3,0:04:53,0.00%,0,$0.00 ,20180812
Shallotte,1,1,2,0.00%,2,0:05:53,0.00%,0,$0.00 ,20180812
Wendell,1,0,1,100.00%,1,0:00:00,0.00%,0,$0.00 ,20180812
Whiteville,1,0,1,0.00%,2,0:01:22,0.00%,0,$0.00 ,20180812
Williamston,1,1,1,100.00%,1,0:00:00,0.00%,0,$0.00 ,20180812
Wilson,1,0,1,100.00%,1,0:00:00,0.00%,0,$0.00 ,20180812
Montclair,1,1,1,100.00%,1,0:00:00,0.00%,0,$0.00 ,20180812
Newark,1,1,1,0.00%,4,0:02:33,0.00%,0,$0.00 ,20180812
Phillipsburg,1,0,1,100.00%,1,0:00:00,0.00%,0,$0.00 ,20180812
Marlboro,1,0,2,50.00%,5.5,0:04:18,0.00%,0,$0.00 ,20180812
Mount Vernon,1,1,1,0.00%,2,0:00:11,0.00%,0,$0.00 ,20180812
Oklahoma City,1,0,1,0.00%,2,0:00:18,0.00%,0,$0.00 ,20180812
Greensburg,1,1,1,100.00%,1,0:00:00,0.00%,0,$0.00 ,20180812
Pittsburgh,1,1,1,100.00%,1,0:00:00,0.00%,0,$0.00 ,20180812
Andrews,1,1,1,100.00%,1,0:00:00,0.00%,0,$0.00 ,20180812
Myrtle Beach,1,1,1,0.00%,2,0:00:04,0.00%,0,$0.00 ,20180812
Nashville,1,1,1,100.00%,1,0:00:00,0.00%,0,$0.00 ,20180812
Dallas,1,1,2,50.00%,6.5,0:23:30,0.00%,0,$0.00 ,20180812
Fort Worth,1,1,1,100.00%,1,0:00:00,0.00%,0,$0.00 ,20180812
Houston,1,1,1,100.00%,1,0:00:00,0.00%,0,$0.00 ,20180812
Mesquite,1,1,1,0.00%,2,0:00:02,0.00%,0,$0.00 ,20180812
Norfolk,1,0,1,100.00%,1,0:00:00,0.00%,0,$0.00 ,20180812
Richmond,1,1,1,100.00%,1,0:00:00,0.00%,0,$0.00 ,20180812
Seattle,1,1,1,100.00%,1,0:00:00,0.00%,0,$0.00 ,20180812
Churchville,1,1,1,0.00%,3,0:00:02,0.00%,0,$0.00 ,20180812
Flint Township,1,0,2,100.00%,1,0:00:00,0.00%,0,$0.00 ,20180812
Friendly,1,0,1,0.00%,2,0:00:12,0.00%,0,$0.00 ,20180812
Marvin,1,1,2,100.00%,1,0:00:00,0.00%,0,$0.00 ,20180812
North Druid Hills,1,1,2,50.00%,2,0:00:32,0.00%,0,$0.00 ,20180812
Spokane Valley,1,1,2,100.00%,1,0:00:00,0.00%,0,$0.00 ,20180812
,497,313,643,49.77%,2.21,0:03:22,0.00%,0,$0.00 ,20180812
Durham,182,92,247,42.11%,3.06,0:06:00,0.00%,0,$0.00 ,20180819
Charlotte,46,23,57,45.61%,2.3,0:04:28,0.00%,0,$0.00 ,20180819
Atlanta,19,11,27,29.63%,3.56,0:06:54,0.00%,0,$0.00 ,20180819
Raleigh,19,5,32,62.50%,2.56,0:04:47,0.00%,0,$0.00 ,20180819
Franklin,18,9,25,36.00%,2.96,0:09:25,0.00%,0,$0.00 ,20180819
Chapel Hill,9,6,12,33.33%,2.92,0:06:36,0.00%,0,$0.00 ,20180819
North Druid Hills,9,7,9,55.56%,1.67,0:03:19,0.00%,0,$0.00 ,20180819
New York,8,6,12,58.33%,2,0:02:33,0.00%,0,$0.00 ,20180819
Cary,7,4,10,60.00%,2,0:03:27,0.00%,0,$0.00 ,20180819
Creedmoor,7,5,7,28.57%,4,0:12:31,0.00%,0,$0.00 ,20180819
Winston-Salem,7,4,7,42.86%,1.57,0:00:22,0.00%,0,$0.00 ,20180819
Greensboro,6,4,9,77.78%,1.56,0:01:13,0.00%,0,$0.00 ,20180819
Roanoke Rapids,5,3,6,33.33%,3.67,0:11:21,0.00%,0,$0.00 ,20180819
Cincinnati,5,5,6,33.33%,4.17,0:00:55,0.00%,0,$0.00 ,20180819
High Point,4,1,7,42.86%,2.86,0:03:38,0.00%,0,$0.00 ,20180819
Hillsborough,4,1,5,60.00%,1.8,0:00:14,0.00%,0,$0.00 ,20180819
Mebane,4,1,4,0.00%,4.5,0:11:47,0.00%,0,$0.00 ,20180819
(not set),3,3,4,0.00%,5.25,0:18:50,0.00%,0,$0.00 ,20180819
Orlando,3,0,3,66.67%,1.33,0:05:03,0.00%,0,$0.00 ,20180819
Henderson,3,3,3,66.67%,1.33,0:00:24,0.00%,0,$0.00 ,20180819
Sylva,3,1,3,100.00%,1,0:00:00,0.00%,0,$0.00 ,20180819
Dallas,3,0,6,66.67%,3.17,0:10:13,0.00%,0,$0.00 ,20180819
Chantilly,3,3,5,40.00%,3.8,0:05:26,0.00%,0,$0.00 ,20180819
Burnsville,2,2,2,50.00%,1.5,0:01:43,0.00%,0,$0.00 ,20180819
Jacksonville,2,0,3,33.33%,3,0:03:32,0.00%,0,$0.00 ,20180819
Morrisville,2,2,2,50.00%,1.5,0:00:43,0.00%,0,$0.00 ,20180819
Oxford,2,1,2,0.00%,2.5,0:05:16,0.00%,0,$0.00 ,20180819
Roxboro,2,1,3,0.00%,4.67,0:07:05,0.00%,0,$0.00 ,20180819
Swannanoa,2,1,3,33.33%,3.67,0:14:54,0.00%,0,$0.00 ,20180819
Whiteville,2,1,4,0.00%,2.75,0:07:41,0.00%,0,$0.00 ,20180819
Williamston,2,1,2,0.00%,2.5,0:12:24,0.00%,0,$0.00 ,20180819
Philadelphia,2,0,3,0.00%,2,0:07:23,0.00%,0,$0.00 ,20180819
Charleston,2,2,2,50.00%,2,0:00:29,0.00%,0,$0.00 ,20180819
Myrtle Beach,2,1,2,0.00%,2,0:00:43,0.00%,0,$0.00 ,20180819
Charlottesville,2,1,3,66.67%,1.33,0:00:42,0.00%,0,$0.00 ,20180819
Norfolk,2,1,2,50.00%,2.5,0:01:53,0.00%,0,$0.00 ,20180819
Fearrington,2,0,2,50.00%,2.5,0:02:40,0.00%,0,$0.00 ,20180819
Friendly,2,0,2,0.00%,2.5,0:11:58,0.00%,0,$0.00 ,20180819
Mobile,1,1,1,0.00%,2,0:00:03,0.00%,0,$0.00 ,20180819
Washington,1,0,2,50.00%,1.5,0:00:02,0.00%,0,$0.00 ,20180819
Miami Beach,1,0,1,0.00%,3,0:03:47,0.00%,0,$0.00 ,20180819
Riverdale,1,1,2,50.00%,1.5,0:00:38,0.00%,0,$0.00 ,20180819
Roswell,1,0,1,100.00%,1,0:00:00,0.00%,0,$0.00 ,20180819
Louisville,1,1,1,0.00%,4,0:00:57,0.00%,0,$0.00 ,20180819
Addis,1,1,1,0.00%,2,0:00:10,0.00%,0,$0.00 ,20180819
Baltimore,1,1,1,0.00%,5,0:01:33,0.00%,0,$0.00 ,20180819
Hyattsville,1,0,1,0.00%,2,0:00:02,0.00%,0,$0.00 ,20180819
Bay Saint Louis,1,1,2,50.00%,1.5,0:02:53,0.00%,0,$0.00 ,20180819
Apex,1,1,1,100.00%,1,0:00:00,0.00%,0,$0.00 ,20180819
Butner,1,1,1,100.00%,1,0:00:00,0.00%,0,$0.00 ,20180819
Concord,1,0,1,0.00%,2,0:00:17,0.00%,0,$0.00 ,20180819
Fuquay Varina,1,1,2,50.00%,2,0:00:15,0.00%,0,$0.00 ,20180819
Kernersville,1,0,1,100.00%,1,0:00:00,0.00%,0,$0.00 ,20180819
Kittrell,1,0,1,100.00%,1,0:00:00,0.00%,0,$0.00 ,20180819
Knightdale,1,0,1,0.00%,2,0:00:15,0.00%,0,$0.00 ,20180819
Leland,1,1,1,0.00%,3,0:02:46,0.00%,0,$0.00 ,20180819
Siler City,1,1,1,100.00%,1,0:00:00,0.00%,0,$0.00 ,20180819
Wake Forest,1,1,4,0.00%,2,0:00:27,0.00%,0,$0.00 ,20180819
Wendell,1,0,1,100.00%,1,0:00:00,0.00%,0,$0.00 ,20180819
Wilson,1,1,1,100.00%,1,0:00:00,0.00%,0,$0.00 ,20180819
Newburgh,1,0,3,66.67%,2,0:00:43,0.00%,0,$0.00 ,20180819
Lancaster,1,0,1,100.00%,1,0:00:00,0.00%,0,$0.00 ,20180819
Blythewood,1,0,1,0.00%,5,0:13:38,0.00%,0,$0.00 ,20180819
Columbia,1,1,1,100.00%,1,0:00:00,0.00%,0,$0.00 ,20180819
Conway,1,1,1,100.00%,1,0:00:00,0.00%,0,$0.00 ,20180819
Kingstree,1,0,1,100.00%,1,0:00:00,0.00%,0,$0.00 ,20180819
Manning,1,1,1,100.00%,1,0:00:00,0.00%,0,$0.00 ,20180819
North Myrtle Beach,1,0,1,0.00%,3,0:01:10,0.00%,0,$0.00 ,20180819
Sumter,1,0,1,0.00%,2,0:00:04,0.00%,0,$0.00 ,20180819
Johnson City,1,1,2,50.00%,2.5,0:04:18,0.00%,0,$0.00 ,20180819
Nashville,1,1,2,0.00%,3,0:01:37,0.00%,0,$0.00 ,20180819
Carrollton,1,0,1,0.00%,2,0:00:02,0.00%,0,$0.00 ,20180819
Kilgore,1,1,2,50.00%,1.5,0:00:04,0.00%,0,$0.00 ,20180819
Missouri City,1,1,1,100.00%,1,0:00:00,0.00%,0,$0.00 ,20180819
Annandale,1,1,2,0.00%,8.5,0:06:27,0.00%,0,$0.00 ,20180819
Arlington,1,0,1,0.00%,5,0:04:56,0.00%,0,$0.00 ,20180819
Newport News,1,1,1,0.00%,10,0:06:47,0.00%,0,$0.00 ,20180819
Virginia Beach,1,0,1,0.00%,18,0:38:44,0.00%,0,$0.00 ,20180819
Seattle,1,1,1,0.00%,2,0:00:44,0.00%,0,$0.00 ,20180819
Myrtle Grove,1,0,1,100.00%,1,0:00:00,0.00%,0,$0.00 ,20180819
Panthersville,1,0,1,0.00%,2,0:00:04,0.00%,0,$0.00 ,20180819
Spokane Valley,1,0,1,100.00%,1,0:00:00,0.00%,0,$0.00 ,20180819
Wheaton-Glenmont,1,1,1,100.00%,1,0:00:00,0.00%,0,$0.00 ,20180819
,452,235,601,42.93%,2.82,0:05:23,0.00%,0,$0.00 ,20180819
Durham,191,88,252,43.25%,2.73,0:05:11,0.00%,0,$0.00 ,20180826
Charlotte,39,18,53,47.17%,2.75,0:04:56,0.00%,0,$0.00 ,20180826
Raleigh,32,14,41,34.15%,4.15,0:10:19,0.00%,0,$0.00 ,20180826
Atlanta,18,7,26,50.00%,2.23,0:02:13,0.00%,0,$0.00 ,20180826
Franklin,16,10,17,58.82%,1.65,0:05:15,0.00%,0,$0.00 ,20180826
New York,9,7,12,41.67%,2.42,0:03:31,0.00%,0,$0.00 ,20180826
Greensboro,8,7,13,76.92%,1.31,0:01:22,0.00%,0,$0.00 ,20180826
Norfolk,8,5,13,23.08%,3.15,0:06:18,0.00%,0,$0.00 ,20180826
Cary,6,3,8,50.00%,2.38,0:05:21,0.00%,0,$0.00 ,20180826
Wake Forest,6,5,8,62.50%,1.5,0:02:11,0.00%,0,$0.00 ,20180826
Hillsborough,5,4,8,25.00%,2,0:00:53,0.00%,0,$0.00 ,20180826
Mebane,5,3,8,37.50%,2.25,0:00:56,0.00%,0,$0.00 ,20180826
Virginia Beach,4,1,6,16.67%,2.83,0:03:38,0.00%,0,$0.00 ,20180826
Miami,3,2,4,25.00%,2.5,0:03:02,0.00%,0,$0.00 ,20180826
Chapel Hill,3,2,5,20.00%,3.6,0:05:44,0.00%,0,$0.00 ,20180826
Huntersville,3,3,3,33.33%,2,0:01:39,0.00%,0,$0.00 ,20180826
Winston-Salem,3,0,4,75.00%,1.25,0:00:01,0.00%,0,$0.00 ,20180826
Smyrna,2,2,2,0.00%,2,0:00:04,0.00%,0,$0.00 ,20180826
Apex,2,2,4,50.00%,4,0:06:05,0.00%,0,$0.00 ,20180826
Cashiers,2,1,3,66.67%,1.33,0:00:05,0.00%,0,$0.00 ,20180826
Fayetteville,2,1,3,33.33%,3.67,0:11:55,0.00%,0,$0.00 ,20180826
Graham,2,1,2,100.00%,1,0:00:00,0.00%,0,$0.00 ,20180826
Kinston,2,0,3,33.33%,3.67,0:09:40,0.00%,0,$0.00 ,20180826
Roxboro,2,0,4,25.00%,6.5,0:22:19,0.00%,0,$0.00 ,20180826
Sylva,2,0,3,100.00%,1,0:00:00,0.00%,0,$0.00 ,20180826
Wilmington,2,1,3,33.33%,5.33,0:05:40,0.00%,0,$0.00 ,20180826
Blythewood,2,0,3,100.00%,1,0:00:00,0.00%,0,$0.00 ,20180826
Fort Worth,2,1,2,50.00%,2.5,0:12:44,0.00%,0,$0.00 ,20180826
Friendly,2,0,4,25.00%,3.25,0:07:40,0.00%,0,$0.00 ,20180826
Miramar,2,2,3,66.67%,1.33,0:01:24,0.00%,0,$0.00 ,20180826
(not set),1,0,1,0.00%,17,0:24:55,0.00%,0,$0.00 ,20180826
Corona,1,0,1,0.00%,6,0:06:43,0.00%,0,$0.00 ,20180826
Norwalk,1,0,2,50.00%,2.5,0:11:52,0.00%,0,$0.00 ,20180826
Tampa,1,1,1,0.00%,3,0:01:55,0.00%,0,$0.00 ,20180826
McDonough,1,0,2,50.00%,2.5,0:08:00,0.00%,0,$0.00 ,20180826
Indianapolis,1,0,1,100.00%,1,0:00:00,0.00%,0,$0.00 ,20180826
Kokomo,1,0,1,100.00%,1,0:00:00,0.00%,0,$0.00 ,20180826
Emporia,1,1,1,100.00%,1,0:00:00,0.00%,0,$0.00 ,20180826
Louisville,1,1,1,0.00%,6,0:16:14,0.00%,0,$0.00 ,20180826
Elkridge,1,1,1,0.00%,2,0:00:09,0.00%,0,$0.00 ,20180826
Salisbury,1,1,1,100.00%,1,0:00:00,0.00%,0,$0.00 ,20180826
Kansas City,1,1,1,100.00%,1,0:00:00,0.00%,0,$0.00 ,20180826
Angier,1,0,1,0.00%,4,0:01:27,0.00%,0,$0.00 ,20180826
Bailey,1,1,1,0.00%,9,0:10:54,0.00%,0,$0.00 ,20180826
Benson,1,1,2,50.00%,2,0:00:16,0.00%,0,$0.00 ,20180826
Boone,1,1,2,50.00%,2.5,0:01:38,0.00%,0,$0.00 ,20180826
Buies Creek,1,1,1,0.00%,3,0:17:37,0.00%,0,$0.00 ,20180826
Burnsville,1,0,2,100.00%,1,0:00:00,0.00%,0,$0.00 ,20180826
Carrboro,1,0,1,0.00%,3,0:04:17,0.00%,0,$0.00 ,20180826
Creedmoor,1,0,1,0.00%,4,0:05:35,0.00%,0,$0.00 ,20180826
Farmville,1,1,1,0.00%,3,0:00:35,0.00%,0,$0.00 ,20180826
Greenville,1,1,1,0.00%,12,0:13:45,0.00%,0,$0.00 ,20180826
High Point,1,0,2,50.00%,2,0:07:21,0.00%,0,$0.00 ,20180826
Knightdale,1,0,1,0.00%,2,0:00:12,0.00%,0,$0.00 ,20180826
Marion,1,0,2,50.00%,2,0:00:29,0.00%,0,$0.00 ,20180826
Oxford,1,0,1,0.00%,3,0:19:09,0.00%,0,$0.00 ,20180826
Reidsville,1,0,1,100.00%,1,0:00:00,0.00%,0,$0.00 ,20180826
Siler City,1,1,1,100.00%,1,0:00:00,0.00%,0,$0.00 ,20180826
Swannanoa,1,0,3,33.33%,3.67,0:06:32,0.00%,0,$0.00 ,20180826
Swansboro,1,1,1,0.00%,3,0:00:25,0.00%,0,$0.00 ,20180826
Williamston,1,0,1,100.00%,1,0:00:00,0.00%,0,$0.00 ,20180826
Cherry Hill,1,0,1,0.00%,3,0:11:29,0.00%,0,$0.00 ,20180826
Mount Laurel,1,0,2,50.00%,3.5,0:17:13,0.00%,0,$0.00 ,20180826
Newark,1,0,3,33.33%,5.33,0:09:22,0.00%,0,$0.00 ,20180826
Newburgh,1,0,3,66.67%,1.33,0:00:02,0.00%,0,$0.00 ,20180826
Philadelphia,1,0,2,0.00%,2,0:12:29,0.00%,0,$0.00 ,20180826
Pittsburgh,1,0,2,100.00%,1,0:00:00,0.00%,0,$0.00 ,20180826
Columbia,1,1,1,0.00%,7,0:01:03,0.00%,0,$0.00 ,20180826
Conway,1,1,1,100.00%,1,0:00:00,0.00%,0,$0.00 ,20180826
Myrtle Beach,1,1,2,0.00%,3,0:06:58,0.00%,0,$0.00 ,20180826
Chattanooga,1,0,1,0.00%,2,0:00:06,0.00%,0,$0.00 ,20180826
Knoxville,1,0,1,0.00%,3,0:00:46,0.00%,0,$0.00 ,20180826
Nashville,1,1,3,33.33%,4,0:13:14,0.00%,0,$0.00 ,20180826
Rosenberg,1,1,1,0.00%,4,0:01:24,0.00%,0,$0.00 ,20180826
Waco,1,1,1,100.00%,1,0:00:00,0.00%,0,$0.00 ,20180826
Chantilly,1,0,2,100.00%,1,0:00:00,0.00%,0,$0.00 ,20180826
Colonial Heights,1,0,1,0.00%,12,0:32:09,0.00%,0,$0.00 ,20180826
Reston,1,0,2,50.00%,1.5,0:00:01,0.00%,0,$0.00 ,20180826
Richmond,1,1,1,100.00%,1,0:00:00,0.00%,0,$0.00 ,20180826
Brookhaven,1,1,1,0.00%,2,0:00:08,0.00%,0,$0.00 ,20180826
Dale City,1,1,1,100.00%,1,0:00:00,0.00%,0,$0.00 ,20180826
Holden Beach,1,0,3,100.00%,1,0:00:00,0.00%,0,$0.00 ,20180826
North Plainfield,1,0,1,100.00%,1,0:00:00,0.00%,0,$0.00 ,20180826
Saxapahaw,1,0,1,0.00%,2,0:00:25,0.00%,0,$0.00 ,20180826
Spokane Valley,1,0,1,0.00%,2,0:09:53,0.00%,0,$0.00 ,20180826
Saint Charles,1,1,1,0.00%,2,0:00:02,0.00%,0,$0.00 ,20180826
West Springfield,1,1,1,100.00%,1,0:00:00,0.00%,0,$0.00 ,20180826
,442,215,600,44.33%,2.74,0:05:08,0.00%,0,$0.00 ,20180826
Durham,149,53,210,43.33%,2.45,0:04:48,0.00%,0,$0.00 ,20180902
Charlotte,42,16,62,43.55%,2.65,0:05:57,0.00%,0,$0.00 ,20180902
Raleigh,22,12,33,60.61%,2.15,0:01:47,0.00%,0,$0.00 ,20180902
Atlanta,21,10,25,60.00%,2.32,0:02:57,0.00%,0,$0.00 ,20180902
Franklin,10,2,11,45.45%,1.82,0:02:58,0.00%,0,$0.00 ,20180902
Chapel Hill,8,4,12,16.67%,2,0:00:19,0.00%,0,$0.00 ,20180902
Cary,6,2,9,11.11%,4.56,0:10:28,0.00%,0,$0.00 ,20180902
Wake Forest,5,3,7,71.43%,1.29,0:00:15,0.00%,0,$0.00 ,20180902
New York,5,3,7,57.14%,1.86,0:02:45,0.00%,0,$0.00 ,20180902
(not set),4,3,5,80.00%,1.6,0:02:41,0.00%,0,$0.00 ,20180902
Orlando,4,2,6,33.33%,3,0:02:57,0.00%,0,$0.00 ,20180902
Hillsborough,4,1,6,50.00%,1.5,0:00:03,0.00%,0,$0.00 ,20180902
Mebane,4,1,4,0.00%,3,0:10:00,0.00%,0,$0.00 ,20180902
Norfolk,4,1,4,0.00%,3.5,0:02:11,0.00%,0,$0.00 ,20180902
Mobile,3,3,4,50.00%,1.75,0:00:38,0.00%,0,$0.00 ,20180902
Savannah,3,1,7,0.00%,6,0:21:49,0.00%,0,$0.00 ,20180902
Williamston,3,1,3,100.00%,1,0:00:00,0.00%,0,$0.00 ,20180902
Philadelphia,3,2,3,66.67%,1.67,0:05:35,0.00%,0,$0.00 ,20180902
Fearrington,3,2,4,75.00%,1.25,0:00:02,0.00%,0,$0.00 ,20180902
Friendly,3,2,3,0.00%,2.33,0:09:52,0.00%,0,$0.00 ,20180902
Corona,2,1,2,0.00%,5.5,0:09:54,0.00%,0,$0.00 ,20180902
Clayton,2,1,3,66.67%,2.67,0:09:08,0.00%,0,$0.00 ,20180902
Creedmoor,2,0,3,33.33%,3,0:13:49,0.00%,0,$0.00 ,20180902
Fayetteville,2,2,2,50.00%,2,0:00:49,0.00%,0,$0.00 ,20180902
Goldsboro,2,2,2,50.00%,2.5,0:10:35,0.00%,0,$0.00 ,20180902
Graham,2,0,2,0.00%,5.5,0:08:39,0.00%,0,$0.00 ,20180902
Greensboro,2,1,3,33.33%,1.67,0:02:16,0.00%,0,$0.00 ,20180902
Hickory,2,2,3,33.33%,1.67,0:00:32,0.00%,0,$0.00 ,20180902
Roxboro,2,1,3,33.33%,3.67,0:06:24,0.00%,0,$0.00 ,20180902
Sylva,2,1,2,100.00%,1,0:00:00,0.00%,0,$0.00 ,20180902
Whiteville,2,1,4,25.00%,1.75,0:06:15,0.00%,0,$0.00 ,20180902
Cincinnati,2,2,2,50.00%,1.5,0:01:34,0.00%,0,$0.00 ,20180902
Carrollton,2,1,3,33.33%,5.33,0:06:39,0.00%,0,$0.00 ,20180902
Saint Charles,2,2,2,0.00%,2,0:00:03,0.00%,0,$0.00 ,20180902
Chandler,1,0,1,0.00%,2,0:00:04,0.00%,0,$0.00 ,20180902
Berkeley,1,1,1,0.00%,2,0:00:10,0.00%,0,$0.00 ,20180902
Oakland,1,1,1,100.00%,1,0:00:00,0.00%,0,$0.00 ,20180902
Pittsburg,1,1,1,100.00%,1,0:00:00,0.00%,0,$0.00 ,20180902
Hartford,1,1,1,100.00%,1,0:00:00,0.00%,0,$0.00 ,20180902
Middletown,1,0,1,100.00%,1,0:00:00,0.00%,0,$0.00 ,20180902
Washington,1,1,1,0.00%,7,0:09:48,0.00%,0,$0.00 ,20180902
Miami Beach,1,0,1,0.00%,3,0:29:41,0.00%,0,$0.00 ,20180902
Columbus,1,0,1,0.00%,2,0:00:25,0.00%,0,$0.00 ,20180902
Honolulu,1,0,2,50.00%,1.5,0:00:02,0.00%,0,$0.00 ,20180902
Shreveport,1,1,1,100.00%,1,0:00:00,0.00%,0,$0.00 ,20180902
Billerica,1,0,7,100.00%,1,0:00:00,0.00%,0,$0.00 ,20180902
Boston,1,0,3,66.67%,1.33,0:03:09,0.00%,0,$0.00 ,20180902
Hyattsville,1,0,1,0.00%,2,0:00:06,0.00%,0,$0.00 ,20180902
Black Mountain,1,0,3,0.00%,2.33,0:01:51,0.00%,0,$0.00 ,20180902
Cherokee,1,1,1,0.00%,10,0:08:18,0.00%,0,$0.00 ,20180902
Clemmons,1,0,1,100.00%,1,0:00:00,0.00%,0,$0.00 ,20180902
Hayesville,1,1,1,100.00%,1,0:00:00,0.00%,0,$0.00 ,20180902
High Point,1,1,1,100.00%,1,0:00:00,0.00%,0,$0.00 ,20180902
Jacksonville,1,0,2,100.00%,1,0:00:00,0.00%,0,$0.00 ,20180902
Kernersville,1,1,1,100.00%,1,0:00:00,0.00%,0,$0.00 ,20180902
Knightdale,1,0,1,0.00%,2,0:00:12,0.00%,0,$0.00 ,20180902
Morrisville,1,1,1,100.00%,1,0:00:00,0.00%,0,$0.00 ,20180902
Murphy,1,0,1,0.00%,4,0:13:44,0.00%,0,$0.00 ,20180902
Oxford,1,0,2,50.00%,1.5,0:00:02,0.00%,0,$0.00 ,20180902
Rocky Mount,1,1,1,100.00%,1,0:00:00,0.00%,0,$0.00 ,20180902
Salisbury,1,1,1,100.00%,1,0:00:00,0.00%,0,$0.00 ,20180902
Selma,1,0,1,100.00%,1,0:00:00,0.00%,0,$0.00 ,20180902
Timberlake,1,1,1,100.00%,1,0:00:00,0.00%,0,$0.00 ,20180902
Winston-Salem,1,0,1,0.00%,2,0:01:24,0.00%,0,$0.00 ,20180902
Cherry Hill,1,0,2,50.00%,1.5,0:01:46,0.00%,0,$0.00 ,20180902
Mount Laurel,1,0,2,0.00%,4,0:06:22,0.00%,0,$0.00 ,20180902
Newark,1,1,1,100.00%,1,0:00:00,0.00%,0,$0.00 ,20180902
Las Vegas,1,1,1,0.00%,3,0:02:14,0.00%,0,$0.00 ,20180902
Newburgh,1,0,2,50.00%,1.5,0:00:02,0.00%,0,$0.00 ,20180902
Cleveland,1,1,1,100.00%,1,0:00:00,0.00%,0,$0.00 ,20180902
Canonsburg,1,1,1,0.00%,4,0:28:01,0.00%,0,$0.00 ,20180902
Pittsburgh,1,0,1,100.00%,1,0:00:00,0.00%,0,$0.00 ,20180902
Andrews,1,0,1,100.00%,1,0:00:00,0.00%,0,$0.00 ,20180902
Blythewood,1,0,1,100.00%,1,0:00:00,0.00%,0,$0.00 ,20180902
Conway,1,0,2,50.00%,1.5,0:02:17,0.00%,0,$0.00 ,20180902
Myrtle Beach,1,1,3,66.67%,1.33,0:00:04,0.00%,0,$0.00 ,20180902
North Myrtle Beach,1,0,2,0.00%,6,0:11:51,0.00%,0,$0.00 ,20180902
Nashville,1,1,1,100.00%,1,0:00:00,0.00%,0,$0.00 ,20180902
Dallas,1,0,2,50.00%,5,0:04:31,0.00%,0,$0.00 ,20180902
Fort Worth,1,1,1,100.00%,1,0:00:00,0.00%,0,$0.00 ,20180902
Houston,1,1,1,0.00%,3,0:00:20,0.00%,0,$0.00 ,20180902
New Caney,1,0,1,100.00%,1,0:00:00,0.00%,0,$0.00 ,20180902
Tyler,1,1,1,100.00%,1,0:00:00,0.00%,0,$0.00 ,20180902
Charlottesville,1,0,2,50.00%,1.5,0:03:08,0.00%,0,$0.00 ,20180902
Danville,1,0,2,100.00%,1,0:00:00,0.00%,0,$0.00 ,20180902
Hampton,1,1,1,0.00%,2,0:01:08,0.00%,0,$0.00 ,20180902
Virginia Beach,1,0,1,0.00%,12,1:03:04,0.00%,0,$0.00 ,20180902
Holden Beach,1,0,1,0.00%,2,0:00:08,0.00%,0,$0.00 ,20180902
Richlands,1,0,2,0.00%,2.5,0:09:52,0.00%,0,$0.00 ,20180902
Saxapahaw,1,0,1,100.00%,1,0:00:00,0.00%,0,$0.00 ,20180902
Spokane Valley,1,0,1,100.00%,1,0:00:00,0.00%,0,$0.00 ,20180902
,391,165,542,45.94%,2.42,0:04:26,0.00%,0,$0.00 ,20180902
Durham,159,73,203,50.25%,2.39,0:03:44,0.00%,0,$0.00 ,20180909
Charlotte,43,16,66,50.00%,2.11,0:03:25,0.00%,0,$0.00 ,20180909
Raleigh,35,10,51,64.71%,1.67,0:02:15,0.00%,0,$0.00 ,20180909
Atlanta,10,3,12,66.67%,1.92,0:05:29,0.00%,0,$0.00 ,20180909
Franklin,10,4,11,18.18%,1.91,0:03:00,0.00%,0,$0.00 ,20180909
Cary,6,4,7,71.43%,1.86,0:02:16,0.00%,0,$0.00 ,20180909
(not set),5,3,5,60.00%,1.6,0:02:48,0.00%,0,$0.00 ,20180909
Chapel Hill,4,0,8,50.00%,2.88,0:03:32,0.00%,0,$0.00 ,20180909
Sylva,4,2,4,50.00%,1.5,0:01:02,0.00%,0,$0.00 ,20180909
Myrtle Beach,4,2,4,50.00%,1.5,0:00:21,0.00%,0,$0.00 ,20180909
Norfolk,4,2,6,16.67%,3.17,0:03:26,0.00%,0,$0.00 ,20180909
Clayton,3,2,3,0.00%,3.67,0:05:41,0.00%,0,$0.00 ,20180909
Greensboro,3,2,3,33.33%,2.33,0:07:12,0.00%,0,$0.00 ,20180909
Hillsborough,3,2,4,50.00%,1.75,0:00:45,0.00%,0,$0.00 ,20180909
Mebane,3,0,3,0.00%,2.33,0:00:53,0.00%,0,$0.00 ,20180909
Winston-Salem,3,0,6,66.67%,2.33,0:00:53,0.00%,0,$0.00 ,20180909
New York,3,2,3,33.33%,2,0:05:04,0.00%,0,$0.00 ,20180909
Huntsville,2,2,4,25.00%,3,0:05:07,0.00%,0,$0.00 ,20180909
Washington,2,1,2,100.00%,1,0:00:00,0.00%,0,$0.00 ,20180909
Efland,2,2,2,50.00%,2,0:02:28,0.00%,0,$0.00 ,20180909
Fayetteville,2,2,2,50.00%,2.5,0:11:14,0.00%,0,$0.00 ,20180909
Marion,2,0,2,100.00%,1,0:00:00,0.00%,0,$0.00 ,20180909
Rocky Mount,2,2,2,100.00%,1,0:00:00,0.00%,0,$0.00 ,20180909
Wake Forest,2,1,2,100.00%,1,0:00:00,0.00%,0,$0.00 ,20180909
Cincinnati,2,1,2,50.00%,1.5,0:00:05,0.00%,0,$0.00 ,20180909
Providence,2,1,2,50.00%,3,0:03:59,0.00%,0,$0.00 ,20180909
Saint-Brieuc,1,1,2,100.00%,1,0:00:00,0.00%,0,$0.00 ,20180909
Birmingham,1,1,1,0.00%,2,0:00:04,0.00%,0,$0.00 ,20180909
Corona,1,1,1,100.00%,1,0:00:00,0.00%,0,$0.00 ,20180909
Ontario,1,0,1,0.00%,2,0:00:03,0.00%,0,$0.00 ,20180909
Clayton,1,0,2,0.00%,6.5,0:06:47,0.00%,0,$0.00 ,20180909
Miami,1,1,1,0.00%,2,0:03:05,0.00%,0,$0.00 ,20180909
Tallahassee,1,1,2,100.00%,1,0:00:00,0.00%,0,$0.00 ,20180909
Chicago,1,1,1,0.00%,2,0:00:36,0.00%,0,$0.00 ,20180909
Schiller Park,1,1,2,50.00%,2,0:00:22,0.00%,0,$0.00 ,20180909
Hyattsville,1,0,1,0.00%,2,0:00:10,0.00%,0,$0.00 ,20180909
Black Mountain,1,0,4,50.00%,2.5,0:01:12,0.00%,0,$0.00 ,20180909
Burlington,1,1,1,100.00%,1,0:00:00,0.00%,0,$0.00 ,20180909
Burnsville,1,0,1,0.00%,2,0:00:08,0.00%,0,$0.00 ,20180909
Cashiers,1,0,5,80.00%,1.2,0:00:05,0.00%,0,$0.00 ,20180909
Concord,1,1,1,0.00%,3,0:01:43,0.00%,0,$0.00 ,20180909
Cornelius,1,1,1,100.00%,1,0:00:00,0.00%,0,$0.00 ,20180909
Creedmoor,1,0,3,33.33%,3,0:07:37,0.00%,0,$0.00 ,20180909
Henderson,1,1,1,100.00%,1,0:00:00,0.00%,0,$0.00 ,20180909
Hickory,1,0,1,0.00%,2,0:28:37,0.00%,0,$0.00 ,20180909
Jacksonville,1,0,1,100.00%,1,0:00:00,0.00%,0,$0.00 ,20180909
Oxford,1,0,2,100.00%,1,0:00:00,0.00%,0,$0.00 ,20180909
Pittsboro,1,0,1,100.00%,1,0:00:00,0.00%,0,$0.00 ,20180909
Salisbury,1,1,1,0.00%,3,0:01:14,0.00%,0,$0.00 ,20180909
Timberlake,1,1,2,100.00%,1,0:00:00,0.00%,0,$0.00 ,20180909
Warrenton,1,1,1,100.00%,1,0:00:00,0.00%,0,$0.00 ,20180909
Wendell,1,0,1,100.00%,1,0:00:00,0.00%,0,$0.00 ,20180909
Omaha,1,1,1,100.00%,1,0:00:00,0.00%,0,$0.00 ,20180909
Mount Vernon,1,1,1,0.00%,2,0:00:04,0.00%,0,$0.00 ,20180909
Newburgh,1,0,2,50.00%,1.5,0:00:11,0.00%,0,$0.00 ,20180909
Columbus,1,1,2,0.00%,3,0:03:14,0.00%,0,$0.00 ,20180909
Philadelphia,1,0,1,100.00%,1,0:00:00,0.00%,0,$0.00 ,20180909
Pittsburgh,1,0,1,100.00%,1,0:00:00,0.00%,0,$0.00 ,20180909
Andrews,1,0,1,100.00%,1,0:00:00,0.00%,0,$0.00 ,20180909
Blythewood,1,0,1,0.00%,2,0:01:03,0.00%,0,$0.00 ,20180909
Columbia,1,0,1,0.00%,3,0:00:38,0.00%,0,$0.00 ,20180909
Gainesville,1,0,1,0.00%,5,0:01:53,0.00%,0,$0.00 ,20180909
Hampton,1,0,2,50.00%,1.5,0:01:07,0.00%,0,$0.00 ,20180909
Virginia Beach,1,0,1,0.00%,2,0:07:45,0.00%,0,$0.00 ,20180909
Roodepoort,1,1,1,100.00%,1,0:00:00,0.00%,0,$0.00 ,20180909
Lusaka,1,0,2,0.00%,2.5,0:09:13,0.00%,0,$0.00 ,20180909
Friendly,1,0,1,0.00%,2,0:00:04,0.00%,0,$0.00 ,20180909
Panthersville,1,1,2,100.00%,1,0:00:00,0.00%,0,$0.00 ,20180909
Port Wentworth,1,1,1,100.00%,1,0:00:00,0.00%,0,$0.00 ,20180909
West Springfield,1,0,1,0.00%,5,0:07:18,0.00%,0,$0.00 ,20180909
,364,159,483,51.76%,2.16,0:03:10,0.00%,0,$0.00 ,20180909
Durham,335,175,460,49.57%,2.12,0:02:57,0.00%,0,$0.00 ,20180916
Raleigh,55,25,74,56.76%,2.78,0:05:06,0.00%,0,$0.00 ,20180916
Charlotte,52,22,71,47.89%,2.46,0:06:33,0.00%,0,$0.00 ,20180916
Franklin,22,10,27,37.04%,2.56,0:04:00,0.00%,0,$0.00 ,20180916
Atlanta,21,8,27,44.44%,2.07,0:06:26,0.00%,0,$0.00 ,20180916
Winston-Salem,16,9,21,38.10%,2.43,0:04:45,0.00%,0,$0.00 ,20180916
Cary,12,7,14,35.71%,2,0:01:24,0.00%,0,$0.00 ,20180916
Wake Forest,11,8,11,54.55%,1.45,0:01:24,0.00%,0,$0.00 ,20180916
Mebane,8,5,13,46.15%,1.62,0:01:00,0.00%,0,$0.00 ,20180916
Chapel Hill,7,3,9,33.33%,1.67,0:03:17,0.00%,0,$0.00 ,20180916
Creedmoor,5,3,6,16.67%,3,0:03:13,0.00%,0,$0.00 ,20180916
Hillsborough,5,3,5,60.00%,1.4,0:00:03,0.00%,0,$0.00 ,20180916
Greensboro,4,1,8,87.50%,1.25,0:00:34,0.00%,0,$0.00 ,20180916
Sylva,4,2,5,20.00%,2,0:02:50,0.00%,0,$0.00 ,20180916
Washington,3,1,3,66.67%,1.33,0:04:08,0.00%,0,$0.00 ,20180916
Dania Beach,3,3,3,66.67%,1.33,0:00:03,0.00%,0,$0.00 ,20180916
Clayton,3,1,4,0.00%,2.75,0:04:19,0.00%,0,$0.00 ,20180916
High Point,3,2,6,83.33%,1.17,0:00:15,0.00%,0,$0.00 ,20180916
Virginia Beach,3,2,6,66.67%,1.83,0:00:49,0.00%,0,$0.00 ,20180916
Seattle,3,1,3,33.33%,2,0:00:19,0.00%,0,$0.00 ,20180916
(not set),2,0,2,0.00%,3,0:03:26,0.00%,0,$0.00 ,20180916
Clayton,2,0,2,50.00%,2.5,0:01:46,0.00%,0,$0.00 ,20180916
Miami,2,2,2,50.00%,2.5,0:00:54,0.00%,0,$0.00 ,20180916
Billerica,2,1,3,33.33%,2.67,0:01:03,0.00%,0,$0.00 ,20180916
Cashiers,2,0,3,100.00%,1,0:00:00,0.00%,0,$0.00 ,20180916
Greenville,2,0,2,100.00%,1,0:00:00,0.00%,0,$0.00 ,20180916
Henderson,2,1,4,100.00%,1,0:00:00,0.00%,0,$0.00 ,20180916
Knightdale,2,1,2,50.00%,1.5,0:00:08,0.00%,0,$0.00 ,20180916
Roxboro,2,1,2,100.00%,1,0:00:00,0.00%,0,$0.00 ,20180916
New York,2,1,2,50.00%,1.5,0:01:29,0.00%,0,$0.00 ,20180916
Greensburg,2,0,2,50.00%,2.5,0:00:42,0.00%,0,$0.00 ,20180916
Philadelphia,2,0,2,100.00%,1,0:00:00,0.00%,0,$0.00 ,20180916
Blythewood,2,0,4,75.00%,1.25,0:00:18,0.00%,0,$0.00 ,20180916
Columbia,2,1,3,0.00%,4.33,0:10:40,0.00%,0,$0.00 ,20180916
Iwakuni,1,1,1,100.00%,1,0:00:00,0.00%,0,$0.00 ,20180916
Huntsville,1,0,1,0.00%,2,0:03:23,0.00%,0,$0.00 ,20180916
Montgomery,1,0,1,0.00%,2,0:00:07,0.00%,0,$0.00 ,20180916
New Haven,1,1,1,0.00%,2,0:00:11,0.00%,0,$0.00 ,20180916
Hollywood,1,0,1,100.00%,1,0:00:00,0.00%,0,$0.00 ,20180916
Orlando,1,0,2,0.00%,2,0:03:10,0.00%,0,$0.00 ,20180916
Pompano Beach,1,1,1,100.00%,1,0:00:00,0.00%,0,$0.00 ,20180916
Tallahassee,1,1,1,0.00%,2,0:14:38,0.00%,0,$0.00 ,20180916
Kennesaw,1,0,2,0.00%,3,0:14:22,0.00%,0,$0.00 ,20180916
Marietta,1,1,1,100.00%,1,0:00:00,0.00%,0,$0.00 ,20180916
Overland Park,1,0,2,50.00%,1.5,0:00:31,0.00%,0,$0.00 ,20180916
Springfield,1,1,1,100.00%,1,0:00:00,0.00%,0,$0.00 ,20180916
Hyattsville,1,0,1,0.00%,2,0:00:03,0.00%,0,$0.00 ,20180916
Kansas City,1,1,1,0.00%,2,0:01:13,0.00%,0,$0.00 ,20180916
Black Mountain,1,0,1,100.00%,1,0:00:00,0.00%,0,$0.00 ,20180916
Cherokee,1,1,1,100.00%,1,0:00:00,0.00%,0,$0.00 ,20180916
Concord,1,1,1,0.00%,2,0:00:14,0.00%,0,$0.00 ,20180916
Eden,1,1,1,100.00%,1,0:00:00,0.00%,0,$0.00 ,20180916
Fayetteville,1,0,1,0.00%,2,0:02:14,0.00%,0,$0.00 ,20180916
Fort Bragg,1,0,1,100.00%,1,0:00:00,0.00%,0,$0.00 ,20180916
Goldsboro,1,1,1,100.00%,1,0:00:00,0.00%,0,$0.00 ,20180916
Graham,1,0,2,50.00%,3,0:02:40,0.00%,0,$0.00 ,20180916
Hayesville,1,0,1,100.00%,1,0:00:00,0.00%,0,$0.00 ,20180916
Hickory,1,1,1,0.00%,4,0:02:47,0.00%,0,$0.00 ,20180916
Kernersville,1,1,1,0.00%,2,0:00:23,0.00%,0,$0.00 ,20180916
Mars Hill,1,0,6,33.33%,2.5,0:02:42,0.00%,0,$0.00 ,20180916
Morrisville,1,1,1,100.00%,1,0:00:00,0.00%,0,$0.00 ,20180916
Oxford,1,0,1,0.00%,2,0:00:09,0.00%,0,$0.00 ,20180916
Pinetown,1,1,1,100.00%,1,0:00:00,0.00%,0,$0.00 ,20180916
Robbinsville,1,1,3,66.67%,1.67,0:01:49,0.00%,0,$0.00 ,20180916
Swansboro,1,1,1,100.00%,1,0:00:00,0.00%,0,$0.00 ,20180916
Welcome,1,1,3,33.33%,3,0:01:16,0.00%,0,$0.00 ,20180916
Wendell,1,0,1,100.00%,1,0:00:00,0.00%,0,$0.00 ,20180916
Williamston,1,1,1,0.00%,2,0:13:27,0.00%,0,$0.00 ,20180916
Zebulon,1,1,1,0.00%,3,0:04:13,0.00%,0,$0.00 ,20180916
Geneseo,1,1,1,100.00%,1,0:00:00,0.00%,0,$0.00 ,20180916
Newburgh,1,0,2,50.00%,2,0:01:55,0.00%,0,$0.00 ,20180916
Poughkeepsie,1,1,2,100.00%,1,0:00:00,0.00%,0,$0.00 ,20180916
Cincinnati,1,0,1,0.00%,2,0:00:04,0.00%,0,$0.00 ,20180916
Pittsburgh,1,0,1,100.00%,1,0:00:00,0.00%,0,$0.00 ,20180916
Andrews,1,0,1,100.00%,1,0:00:00,0.00%,0,$0.00 ,20180916
Bennettsville,1,1,1,100.00%,1,0:00:00,0.00%,0,$0.00 ,20180916
Charleston,1,1,1,100.00%,1,0:00:00,0.00%,0,$0.00 ,20180916
Conway,1,0,1,0.00%,2,0:01:39,0.00%,0,$0.00 ,20180916
Myrtle Beach,1,0,1,0.00%,2,0:00:27,0.00%,0,$0.00 ,20180916
Carrollton,1,0,1,0.00%,2,0:00:04,0.00%,0,$0.00 ,20180916
Dallas,1,0,1,100.00%,1,0:00:00,0.00%,0,$0.00 ,20180916
Fort Worth,1,1,2,50.00%,1.5,0:03:31,0.00%,0,$0.00 ,20180916
Houston,1,1,1,100.00%,1,0:00:00,0.00%,0,$0.00 ,20180916
Texarkana,1,1,1,0.00%,2,0:00:32,0.00%,0,$0.00 ,20180916
Blacksburg,1,0,1,100.00%,1,0:00:00,0.00%,0,$0.00 ,20180916
Charlottesville,1,0,1,0.00%,3,0:29:53,0.00%,0,$0.00 ,20180916
Danville,1,1,2,0.00%,2,0:02:21,0.00%,0,$0.00 ,20180916
Gloucester County,1,0,1,100.00%,1,0:00:00,0.00%,0,$0.00 ,20180916
Newport News,1,0,1,0.00%,3,0:21:51,0.00%,0,$0.00 ,20180916
Norfolk,1,0,1,0.00%,2,0:00:04,0.00%,0,$0.00 ,20180916
Richmond,1,1,1,0.00%,2,0:00:29,0.00%,0,$0.00 ,20180916
Antigo,1,1,1,100.00%,1,0:00:00,0.00%,0,$0.00 ,20180916
Wautoma,1,0,1,100.00%,1,0:00:00,0.00%,0,$0.00 ,20180916
Camp Springs,1,1,1,100.00%,1,0:00:00,0.00%,0,$0.00 ,20180916
Friendly,1,0,1,0.00%,2,0:00:04,0.00%,0,$0.00 ,20180916
North Druid Hills,1,1,1,0.00%,2,0:00:01,0.00%,0,$0.00 ,20180916
Spokane Valley,1,0,1,100.00%,1,0:00:00,0.00%,0,$0.00 ,20180916
Saint Charles,1,0,1,0.00%,2,0:00:16,0.00%,0,$0.00 ,20180916
,667,331,892,49.44%,2.14,0:03:20,0.00%,0,$0.00 ,20180916
Durham,179,70,247,44.94%,2.51,0:04:34,0.00%,0,$0.00 ,20180923
Charlotte,44,18,70,45.71%,2.26,0:03:53,0.00%,0,$0.00 ,20180923
Raleigh,25,7,29,72.41%,1.69,0:01:58,0.00%,0,$0.00 ,20180923
Franklin,14,9,19,47.37%,2.58,0:03:46,0.00%,0,$0.00 ,20180923
Cary,12,4,14,21.43%,3.86,0:07:07,0.00%,0,$0.00 ,20180923
Atlanta,8,3,11,63.64%,2.36,0:08:11,0.00%,0,$0.00 ,20180923
Mebane,8,5,12,33.33%,2.33,0:02:21,0.00%,0,$0.00 ,20180923
Washington,7,3,7,28.57%,4.43,0:01:13,0.00%,0,$0.00 ,20180923
Greensboro,5,3,6,33.33%,2.17,0:09:10,0.00%,0,$0.00 ,20180923
Hillsborough,5,4,7,42.86%,2,0:02:20,0.00%,0,$0.00 ,20180923
New York,5,2,13,53.85%,2.08,0:01:03,0.00%,0,$0.00 ,20180923
Norfolk,5,4,5,20.00%,1.8,0:00:04,0.00%,0,$0.00 ,20180923
Creedmoor,4,1,5,40.00%,2.4,0:05:54,0.00%,0,$0.00 ,20180923
Sylva,4,1,6,16.67%,3.17,0:02:21,0.00%,0,$0.00 ,20180923
Mount Laurel,3,2,9,44.44%,3.89,0:05:08,0.00%,0,$0.00 ,20180923
Fairport,3,3,4,75.00%,1.5,0:00:10,0.00%,0,$0.00 ,20180923
Virginia Beach,3,0,5,40.00%,2.4,0:07:37,0.00%,0,$0.00 ,20180923
Seattle,3,0,3,66.67%,1.33,0:00:38,0.00%,0,$0.00 ,20180923
(not set),2,1,3,0.00%,2.67,0:14:42,0.00%,0,$0.00 ,20180923
Miami,2,1,2,50.00%,2,0:12:24,0.00%,0,$0.00 ,20180923
Chapel Hill,2,1,4,75.00%,2,0:02:05,0.00%,0,$0.00 ,20180923
Greenville,2,2,2,50.00%,1.5,0:00:05,0.00%,0,$0.00 ,20180923
Henderson,2,0,2,50.00%,3.5,0:00:56,0.00%,0,$0.00 ,20180923
Wake Forest,2,0,2,50.00%,1.5,0:00:05,0.00%,0,$0.00 ,20180923
Williamston,2,0,2,50.00%,2,0:09:01,0.00%,0,$0.00 ,20180923
Winston-Salem,2,0,2,100.00%,1,0:00:00,0.00%,0,$0.00 ,20180923
Harrison,2,2,2,100.00%,1,0:00:00,0.00%,0,$0.00 ,20180923
Philadelphia,2,1,2,50.00%,2,0:03:06,0.00%,0,$0.00 ,20180923
Surprise,1,1,1,0.00%,6,0:02:58,0.00%,0,$0.00 ,20180923
San Diego,1,0,1,0.00%,3,0:14:58,0.00%,0,$0.00 ,20180923
Merritt Island,1,1,1,100.00%,1,0:00:00,0.00%,0,$0.00 ,20180923
Panama City,1,1,1,100.00%,1,0:00:00,0.00%,0,$0.00 ,20180923
Winter Haven,1,1,2,0.00%,3.5,0:02:29,0.00%,0,$0.00 ,20180923
Kennesaw,1,0,3,0.00%,4.33,0:23:53,0.00%,0,$0.00 ,20180923
Smyrna,1,1,1,0.00%,3,0:00:38,0.00%,0,$0.00 ,20180923
Chicago,1,1,1,100.00%,1,0:00:00,0.00%,0,$0.00 ,20180923
West Lafayette,1,1,1,0.00%,2,0:00:59,0.00%,0,$0.00 ,20180923
Hyattsville,1,0,1,0.00%,4,0:00:39,0.00%,0,$0.00 ,20180923
Branson,1,1,6,66.67%,2.5,0:01:59,0.00%,0,$0.00 ,20180923
Kansas City,1,1,1,100.00%,1,0:00:00,0.00%,0,$0.00 ,20180923
St. Louis,1,1,1,100.00%,1,0:00:00,0.00%,0,$0.00 ,20180923
Boone,1,1,1,100.00%,1,0:00:00,0.00%,0,$0.00 ,20180923
Burlington,1,1,1,100.00%,1,0:00:00,0.00%,0,$0.00 ,20180923
Cashiers,1,0,4,25.00%,3.25,0:09:15,0.00%,0,$0.00 ,20180923
Cherokee,1,0,1,100.00%,1,0:00:00,0.00%,0,$0.00 ,20180923
Graham,1,0,1,100.00%,1,0:00:00,0.00%,0,$0.00 ,20180923
Jacksonville,1,0,1,0.00%,2,0:00:07,0.00%,0,$0.00 ,20180923
Kernersville,1,1,1,0.00%,2,0:02:39,0.00%,0,$0.00 ,20180923
Kill Devil Hills,1,0,1,0.00%,5,0:27:00,0.00%,0,$0.00 ,20180923
Knightdale,1,0,1,0.00%,4,0:30:11,0.00%,0,$0.00 ,20180923
Mars Hill,1,0,1,100.00%,1,0:00:00,0.00%,0,$0.00 ,20180923
Ocean Isle Beach,1,0,1,0.00%,3,0:08:41,0.00%,0,$0.00 ,20180923
Oxford,1,0,2,50.00%,1.5,0:00:16,0.00%,0,$0.00 ,20180923
Wilmington,1,0,1,100.00%,1,0:00:00,0.00%,0,$0.00 ,20180923
Newburgh,1,0,1,100.00%,1,0:00:00,0.00%,0,$0.00 ,20180923
Cincinnati,1,0,1,0.00%,2,0:00:05,0.00%,0,$0.00 ,20180923
Oklahoma City,1,1,1,100.00%,1,0:00:00,0.00%,0,$0.00 ,20180923
Ligonier,1,0,1,100.00%,1,0:00:00,0.00%,0,$0.00 ,20180923
Mountville,1,1,1,0.00%,2,0:00:05,0.00%,0,$0.00 ,20180923
Pittsburgh,1,0,1,100.00%,1,0:00:00,0.00%,0,$0.00 ,20180923
Conway,1,0,1,0.00%,2,0:02:48,0.00%,0,$0.00 ,20180923
Clarksville,1,1,2,100.00%,1,0:00:00,0.00%,0,$0.00 ,20180923
Gatlinburg,1,0,2,100.00%,1,0:00:00,0.00%,0,$0.00 ,20180923
Nashville,1,1,1,100.00%,1,0:00:00,0.00%,0,$0.00 ,20180923
Austin,1,1,1,100.00%,1,0:00:00,0.00%,0,$0.00 ,20180923
Carrollton,1,0,1,0.00%,9,0:17:37,0.00%,0,$0.00 ,20180923
Dallas,1,0,1,100.00%,1,0:00:00,0.00%,0,$0.00 ,20180923
Blacksburg,1,0,2,50.00%,1.5,0:04:34,0.00%,0,$0.00 ,20180923
Gloucester County,1,0,2,50.00%,2,0:05:29,0.00%,0,$0.00 ,20180923
Friendly,1,0,1,0.00%,2,0:00:02,0.00%,0,$0.00 ,20180923
North Druid Hills,1,0,1,0.00%,2,0:00:05,0.00%,0,$0.00 ,20180923
Okaloosa Island,1,0,1,100.00%,1,0:00:00,0.00%,0,$0.00 ,20180923
Panthersville,1,1,2,0.00%,3.5,0:01:52,0.00%,0,$0.00 ,20180923
Tysons,1,1,2,50.00%,2.5,0:03:33,0.00%,0,$0.00 ,20180923
,403,167,559,46.69%,2.43,0:04:11,0.00%,0,$0.00 ,20180923
Durham,180,70,227,41.41%,2.51,0:04:32,0.00%,0,$0.00 ,20180930
Charlotte,43,17,54,46.30%,2.22,0:04:04,0.00%,0,$0.00 ,20180930
Raleigh,33,14,47,59.57%,1.49,0:01:40,0.00%,0,$0.00 ,20180930
Atlanta,17,11,22,40.91%,2.82,0:04:35,0.00%,0,$0.00 ,20180930
Franklin,15,7,20,55.00%,1.8,0:01:31,0.00%,0,$0.00 ,20180930
Winston-Salem,9,5,13,69.23%,1.92,0:02:11,0.00%,0,$0.00 ,20180930
Cary,7,2,7,57.14%,2.86,0:12:09,0.00%,0,$0.00 ,20180930
Chapel Hill,6,4,11,36.36%,1.64,0:00:37,0.00%,0,$0.00 ,20180930
Greensboro,6,4,8,25.00%,2.5,0:02:41,0.00%,0,$0.00 ,20180930
Mebane,6,4,9,22.22%,2.78,0:06:55,0.00%,0,$0.00 ,20180930
New York,5,1,10,70.00%,3.3,0:07:45,0.00%,0,$0.00 ,20180930
Smithfield,4,2,7,57.14%,2.71,0:04:08,0.00%,0,$0.00 ,20180930
Miami,3,1,3,66.67%,2.33,0:01:46,0.00%,0,$0.00 ,20180930
Fayetteville,3,2,3,33.33%,1.67,0:00:04,0.00%,0,$0.00 ,20180930
Orlando,2,2,2,50.00%,5,0:02:05,0.00%,0,$0.00 ,20180930
Apex,2,2,2,0.00%,2.5,0:00:45,0.00%,0,$0.00 ,20180930
Greenville,2,2,3,33.33%,1.67,0:09:33,0.00%,0,$0.00 ,20180930
Henderson,2,1,2,100.00%,1,0:00:00,0.00%,0,$0.00 ,20180930
High Point,2,0,3,33.33%,2.33,0:09:42,0.00%,0,$0.00 ,20180930
Hillsborough,2,0,2,50.00%,1.5,0:00:08,0.00%,0,$0.00 ,20180930
Knightdale,2,1,2,0.00%,2.5,0:00:21,0.00%,0,$0.00 ,20180930
Sylva,2,0,2,50.00%,1.5,0:00:31,0.00%,0,$0.00 ,20180930
Austin,2,1,3,33.33%,2.33,0:04:06,0.00%,0,$0.00 ,20180930
Norfolk,2,0,4,75.00%,1.25,0:00:01,0.00%,0,$0.00 ,20180930
Seattle,2,0,3,33.33%,2.33,0:02:50,0.00%,0,$0.00 ,20180930
Fearrington,2,1,2,50.00%,2.5,0:02:35,0.00%,0,$0.00 ,20180930
(not set),1,0,1,0.00%,2,0:25:08,0.00%,0,$0.00 ,20180930
Washington,1,1,1,100.00%,1,0:00:00,0.00%,0,$0.00 ,20180930
Clayton,1,0,4,75.00%,1.25,0:00:10,0.00%,0,$0.00 ,20180930
Destin,1,0,1,100.00%,1,0:00:00,0.00%,0,$0.00 ,20180930
Tallahassee,1,0,1,100.00%,1,0:00:00,0.00%,0,$0.00 ,20180930
Kennesaw,1,0,3,0.00%,2,0:00:06,0.00%,0,$0.00 ,20180930
Chicago,1,0,1,100.00%,1,0:00:00,0.00%,0,$0.00 ,20180930
Hyattsville,1,0,1,0.00%,2,0:00:04,0.00%,0,$0.00 ,20180930
Suitland-Silver Hill,1,1,2,50.00%,2.5,0:08:58,0.00%,0,$0.00 ,20180930
Black Mountain,1,0,2,100.00%,1,0:00:00,0.00%,0,$0.00 ,20180930
Burlington,1,0,1,100.00%,1,0:00:00,0.00%,0,$0.00 ,20180930
Cashiers,1,0,4,75.00%,1.5,0:00:10,0.00%,0,$0.00 ,20180930
Concord,1,0,2,0.00%,4,0:05:18,0.00%,0,$0.00 ,20180930
Cornelius,1,1,2,100.00%,1,0:00:00,0.00%,0,$0.00 ,20180930
Creedmoor,1,0,1,0.00%,2,0:00:11,0.00%,0,$0.00 ,20180930
Laurinburg,1,1,1,0.00%,2,0:03:55,0.00%,0,$0.00 ,20180930
Morrisville,1,1,1,100.00%,1,0:00:00,0.00%,0,$0.00 ,20180930
Ocean Isle Beach,1,0,1,100.00%,1,0:00:00,0.00%,0,$0.00 ,20180930
Oxford,1,0,2,0.00%,2,0:00:06,0.00%,0,$0.00 ,20180930
Pittsboro,1,0,1,100.00%,1,0:00:00,0.00%,0,$0.00 ,20180930
Rocky Mount,1,1,2,50.00%,2.5,0:04:59,0.00%,0,$0.00 ,20180930
Roxboro,1,1,1,100.00%,1,0:00:00,0.00%,0,$0.00 ,20180930
Spring Hope,1,1,2,100.00%,1,0:00:00,0.00%,0,$0.00 ,20180930
Wake Forest,1,0,3,33.33%,2,0:01:11,0.00%,0,$0.00 ,20180930
Whiteville,1,0,1,100.00%,1,0:00:00,0.00%,0,$0.00 ,20180930
Whittier,1,0,2,100.00%,1,0:00:00,0.00%,0,$0.00 ,20180930
Williamston,1,0,1,0.00%,2,0:11:29,0.00%,0,$0.00 ,20180930
Wilmington,1,0,1,0.00%,2,0:00:07,0.00%,0,$0.00 ,20180930
Harrison,1,1,1,100.00%,1,0:00:00,0.00%,0,$0.00 ,20180930
Newburgh,1,0,2,50.00%,2.5,0:10:07,0.00%,0,$0.00 ,20180930
Sound Beach,1,1,1,0.00%,3,0:01:49,0.00%,0,$0.00 ,20180930
Cincinnati,1,0,1,0.00%,3,0:01:55,0.00%,0,$0.00 ,20180930
Philadelphia,1,0,2,100.00%,1,0:00:00,0.00%,0,$0.00 ,20180930
Andrews,1,0,1,100.00%,1,0:00:00,0.00%,0,$0.00 ,20180930
Blythewood,1,0,1,100.00%,1,0:00:00,0.00%,0,$0.00 ,20180930
Conway,1,0,2,100.00%,1,0:00:00,0.00%,0,$0.00 ,20180930
Mount Pleasant,1,1,1,0.00%,5,0:34:58,0.00%,0,$0.00 ,20180930
North Charleston,1,0,1,100.00%,1,0:00:00,0.00%,0,$0.00 ,20180930
Dallas,1,0,1,0.00%,2,0:07:00,0.00%,0,$0.00 ,20180930
Houston,1,1,1,100.00%,1,0:00:00,0.00%,0,$0.00 ,20180930
Plano,1,1,1,100.00%,1,0:00:00,0.00%,0,$0.00 ,20180930
Chester,1,1,1,0.00%,5,0:06:28,0.00%,0,$0.00 ,20180930
Virginia Beach,1,1,1,0.00%,2,0:14:21,0.00%,0,$0.00 ,20180930
Huntington,1,0,1,100.00%,1,0:00:00,0.00%,0,$0.00 ,20180930
Friendly,1,0,1,0.00%,2,0:00:22,0.00%,0,$0.00 ,20180930
North Druid Hills,1,0,1,0.00%,3,0:01:18,0.00%,0,$0.00 ,20180930
Panthersville,1,0,2,100.00%,1,0:00:00,0.00%,0,$0.00 ,20180930
Woodfin,1,0,1,100.00%,1,0:00:00,0.00%,0,$0.00 ,20180930
,409,169,541,47.50%,2.24,0:03:46,0.00%,0,$0.00 ,20180930
Durham,157,59,212,50.94%,2.12,0:03:32,0.00%,0,$0.00 ,20181007
Charlotte,40,16,51,50.98%,2.08,0:03:25,0.00%,0,$0.00 ,20181007
Raleigh,18,8,30,56.67%,1.87,0:03:03,0.00%,0,$0.00 ,20181007
Franklin,15,4,20,35.00%,2.15,0:03:31,0.00%,0,$0.00 ,20181007
Atlanta,14,9,15,53.33%,2.8,0:07:20,0.00%,0,$0.00 ,20181007
Mebane,12,8,15,66.67%,1.53,0:01:47,0.00%,0,$0.00 ,20181007
Chapel Hill,6,4,9,55.56%,2.22,0:04:14,0.00%,0,$0.00 ,20181007
Norfolk,4,0,7,42.86%,3.71,0:06:20,0.00%,0,$0.00 ,20181007
Cary,3,1,3,66.67%,1.33,0:00:03,0.00%,0,$0.00 ,20181007
Wake Forest,3,1,4,50.00%,3.25,0:07:36,0.00%,0,$0.00 ,20181007
Virginia Beach,3,0,3,0.00%,8,0:06:10,0.00%,0,$0.00 ,20181007
Birmingham,2,1,2,100.00%,1,0:00:00,0.00%,0,$0.00 ,20181007
Washington,2,1,2,50.00%,3.5,0:04:56,0.00%,0,$0.00 ,20181007
Chicago,2,0,3,33.33%,4,0:00:54,0.00%,0,$0.00 ,20181007
Creedmoor,2,0,6,0.00%,4.83,0:05:30,0.00%,0,$0.00 ,20181007
Garner,2,1,4,75.00%,1.25,0:03:37,0.00%,0,$0.00 ,20181007
Henderson,2,2,2,100.00%,1,0:00:00,0.00%,0,$0.00 ,20181007
Hillsborough,2,1,3,33.33%,2.67,0:04:09,0.00%,0,$0.00 ,20181007
Knightdale,2,1,3,33.33%,3,0:03:44,0.00%,0,$0.00 ,20181007
Oxford,2,0,2,50.00%,1.5,0:00:04,0.00%,0,$0.00 ,20181007
Sylva,2,0,4,50.00%,3,0:08:35,0.00%,0,$0.00 ,20181007
Wilmington,2,1,3,33.33%,6,0:17:31,0.00%,0,$0.00 ,20181007
Myrtle Beach,2,1,3,66.67%,2,0:03:00,0.00%,0,$0.00 ,20181007
Dallas,2,1,2,0.00%,6,0:07:31,0.00%,0,$0.00 ,20181007
North Druid Hills,2,0,3,0.00%,12.67,0:20:09,0.00%,0,$0.00 ,20181007
Saint-Brieuc,1,1,1,100.00%,1,0:00:00,0.00%,0,$0.00 ,20181007
Corona,1,0,1,100.00%,1,0:00:00,0.00%,0,$0.00 ,20181007
Los Angeles,1,1,2,50.00%,3,0:14:36,0.00%,0,$0.00 ,20181007
San Francisco,1,1,1,100.00%,1,0:00:00,0.00%,0,$0.00 ,20181007
Clayton,1,0,1,0.00%,3,0:13:07,0.00%,0,$0.00 ,20181007
Merritt Island,1,0,2,0.00%,2,0:00:32,0.00%,0,$0.00 ,20181007
Orlando,1,0,1,0.00%,13,0:08:58,0.00%,0,$0.00 ,20181007
Perry,1,1,1,100.00%,1,0:00:00,0.00%,0,$0.00 ,20181007
Columbus,1,0,1,100.00%,1,0:00:00,0.00%,0,$0.00 ,20181007
Duluth,1,1,1,0.00%,2,0:00:02,0.00%,0,$0.00 ,20181007
Marietta,1,0,2,0.00%,3,0:00:40,0.00%,0,$0.00 ,20181007
Riverdale,1,1,1,100.00%,1,0:00:00,0.00%,0,$0.00 ,20181007
Smyrna,1,0,1,0.00%,7,0:02:49,0.00%,0,$0.00 ,20181007
Louisville,1,1,1,0.00%,2,0:00:24,0.00%,0,$0.00 ,20181007
Bowie,1,1,2,50.00%,2,0:03:26,0.00%,0,$0.00 ,20181007
Belhaven,1,1,1,0.00%,2,0:06:21,0.00%,0,$0.00 ,20181007
Carrboro,1,0,1,100.00%,1,0:00:00,0.00%,0,$0.00 ,20181007
Cashiers,1,0,2,50.00%,1.5,0:11:12,0.00%,0,$0.00 ,20181007
Cullowhee,1,0,2,100.00%,1,0:00:00,0.00%,0,$0.00 ,20181007
Eden,1,1,1,0.00%,4,0:12:52,0.00%,0,$0.00 ,20181007
Fayetteville,1,0,1,0.00%,6,0:35:24,0.00%,0,$0.00 ,20181007
Gatesville,1,0,1,0.00%,2,0:00:13,0.00%,0,$0.00 ,20181007
Greensboro,1,1,1,0.00%,4,0:00:15,0.00%,0,$0.00 ,20181007
Jacksonville,1,1,1,100.00%,1,0:00:00,0.00%,0,$0.00 ,20181007
Murphy,1,0,2,50.00%,1.5,0:00:18,0.00%,0,$0.00 ,20181007
Reidsville,1,1,2,0.00%,2,0:00:06,0.00%,0,$0.00 ,20181007
Roanoke Rapids,1,1,1,0.00%,2,0:00:16,0.00%,0,$0.00 ,20181007
Smithfield,1,0,1,100.00%,1,0:00:00,0.00%,0,$0.00 ,20181007
Swannanoa,1,0,1,100.00%,1,0:00:00,0.00%,0,$0.00 ,20181007
Wendell,1,0,1,100.00%,1,0:00:00,0.00%,0,$0.00 ,20181007
Whiteville,1,0,1,0.00%,3,0:04:04,0.00%,0,$0.00 ,20181007
Williamston,1,1,1,100.00%,1,0:00:00,0.00%,0,$0.00 ,20181007
East Orange,1,1,2,50.00%,4.5,0:05:44,0.00%,0,$0.00 ,20181007
Newark,1,1,1,0.00%,2,0:05:55,0.00%,0,$0.00 ,20181007
Newburgh,1,0,2,50.00%,1.5,0:00:05,0.00%,0,$0.00 ,20181007
Blue Bell,1,0,1,0.00%,2,0:00:06,0.00%,0,$0.00 ,20181007
Monessen,1,1,1,100.00%,1,0:00:00,0.00%,0,$0.00 ,20181007
Philadelphia,1,0,1,100.00%,1,0:00:00,0.00%,0,$0.00 ,20181007
Pittsburgh,1,0,1,100.00%,1,0:00:00,0.00%,0,$0.00 ,20181007
Andrews,1,0,1,100.00%,1,0:00:00,0.00%,0,$0.00 ,20181007
Blythewood,1,0,1,100.00%,1,0:00:00,0.00%,0,$0.00 ,20181007
North Myrtle Beach,1,0,2,50.00%,4,0:03:39,0.00%,0,$0.00 ,20181007
Knoxville,1,1,2,0.00%,2.5,0:09:19,0.00%,0,$0.00 ,20181007
Annandale,1,0,1,0.00%,2,0:00:04,0.00%,0,$0.00 ,20181007
Blacksburg,1,1,1,0.00%,2,0:00:04,0.00%,0,$0.00 ,20181007
Charlottesville,1,0,1,0.00%,2,0:00:27,0.00%,0,$0.00 ,20181007
Glen Allen,1,1,1,0.00%,10,0:10:12,0.00%,0,$0.00 ,20181007
Redmond,1,1,1,0.00%,7,0:09:19,0.00%,0,$0.00 ,20181007
Candler-McAfee,1,0,2,50.00%,2,0:01:17,0.00%,0,$0.00 ,20181007
Dock Junction,1,1,2,50.00%,10.5,0:04:53,0.00%,0,$0.00 ,20181007
Friendly,1,0,1,0.00%,2,0:00:11,0.00%,0,$0.00 ,20181007
Socastee,1,1,1,0.00%,2,0:09:07,0.00%,0,$0.00 ,20181007
Saint Charles,1,1,1,0.00%,2,0:00:14,0.00%,0,$0.00 ,20181007
,356,145,478,48.74%,2.41,0:03:51,0.00%,0,$0.00 ,20181007
